updated_at,year,month,day,from,to,value
01.09.2021 14:15:00,2021,1,9.0,DE,DE,82.0
01.09.2021 14:15:00,2021,1,9.0,DE,AT,47.0
01.09.2021 14:15:00,2021,1,9.0,DE,FR,69.0
01.09.2021 14:15:00,2021,1,9.0,DE,NL,47.0
01.09.2021 14:15:00,2021,1,9.0,DE,CZ,27.0
01.09.2021 14:15:00,2021,1,9.0,DE,CH,34.0
01.09.2021 14:15:00,2021,1,9.0,DE,PL,29.0
01.09.2021 14:15:00,2021,1,9.0,DE,IT,59.0
01.09.2021 14:15:00,2021,1,9.0,DE,BE,46.0
01.09.2021 14:15:00,2021,1,9.0,DE,ES,45.0
01.09.2021 14:15:00,2021,1,9.0,AT,DE,67.0
01.09.2021 14:15:00,2021,1,9.0,AT,AT,62.0
01.09.2021 14:15:00,2021,1,9.0,AT,FR,57.0
01.09.2021 14:15:00,2021,1,9.0,AT,NL,18.0
01.09.2021 14:15:00,2021,1,9.0,AT,CZ,44.0
01.09.2021 14:15:00,2021,1,9.0,AT,CH,35.0
01.09.2021 14:15:00,2021,1,9.0,AT,PL,25.0
01.09.2021 14:15:00,2021,1,9.0,AT,IT,83.0
01.09.2021 14:15:00,2021,1,9.0,AT,BE,19.0
01.09.2021 14:15:00,2021,1,9.0,AT,ES,34.0
01.09.2021 14:15:00,2021,1,9.0,FR,DE,54.0
01.09.2021 14:15:00,2021,1,9.0,FR,AT,10.0
01.09.2021 14:15:00,2021,1,9.0,FR,FR,85.0
01.09.2021 14:15:00,2021,1,9.0,FR,NL,34.0
01.09.2021 14:15:00,2021,1,9.0,FR,CZ,7.0
01.09.2021 14:15:00,2021,1,9.0,FR,CH,17.0
01.09.2021 14:15:00,2021,1,9.0,FR,PL,13.0
01.09.2021 14:15:00,2021,1,9.0,FR,IT,53.0
01.09.2021 14:15:00,2021,1,9.0,FR,BE,31.0
01.09.2021 14:30:00,2021,1,9.0,FR,ES,44.0
01.09.2021 14:30:00,2021,1,9.0,NL,DE,85.0
01.09.2021 14:30:00,2021,1,9.0,NL,AT,49.0
01.09.2021 14:30:00,2021,1,9.0,NL,FR,83.0
01.09.2021 14:30:00,2021,1,9.0,NL,NL,59.0
01.09.2021 14:30:00,2021,1,9.0,NL,CZ,35.0
01.09.2021 14:30:00,2021,1,9.0,NL,CH,41.0
01.09.2021 14:30:00,2021,1,9.0,NL,PL,33.0
01.09.2021 14:30:00,2021,1,9.0,NL,IT,63.0
01.09.2021 14:30:00,2021,1,9.0,NL,BE,57.0
01.09.2021 14:30:00,2021,1,9.0,NL,ES,62.0
01.09.2021 14:30:00,2021,1,9.0,CZ,DE,80.0
01.09.2021 14:30:00,2021,1,9.0,CZ,AT,64.0
01.09.2021 14:30:00,2021,1,9.0,CZ,FR,57.0
01.09.2021 14:30:00,2021,1,9.0,CZ,NL,36.0
01.09.2021 14:30:00,2021,1,9.0,CZ,CZ,75.0
01.09.2021 14:30:00,2021,1,9.0,CZ,CH,41.0
01.09.2021 14:30:00,2021,1,9.0,CZ,PL,42.0
01.09.2021 14:30:00,2021,1,9.0,CZ,IT,71.0
01.09.2021 14:30:00,2021,1,9.0,CZ,BE,37.0
01.09.2021 14:30:00,2021,1,9.0,CZ,ES,43.0
01.09.2021 14:30:00,2021,1,9.0,CH,DE,17.0
01.09.2021 14:30:00,2021,1,9.0,CH,AT,4.0
01.09.2021 14:30:00,2021,1,9.0,CH,FR,18.0
01.09.2021 14:30:00,2021,1,9.0,CH,NL,8.0
01.09.2021 14:30:00,2021,1,9.0,CH,CZ,4.0
01.09.2021 14:30:00,2021,1,9.0,CH,CH,4.0
01.09.2021 14:30:00,2021,1,9.0,CH,PL,5.0
01.09.2021 14:30:00,2021,1,9.0,CH,IT,19.0
01.09.2021 14:30:00,2021,1,9.0,CH,BE,4.0
01.09.2021 14:30:00,2021,1,9.0,CH,ES,7.0
01.09.2021 14:30:00,2021,1,9.0,PL,DE,84.0
01.09.2021 14:30:00,2021,1,9.0,PL,AT,73.0
01.09.2021 14:30:00,2021,1,9.0,PL,FR,85.0
01.09.2021 14:30:00,2021,1,9.0,PL,NL,67.0
01.09.2021 14:30:00,2021,1,9.0,PL,CZ,71.0
01.09.2021 14:30:00,2021,1,9.0,PL,CH,53.0
01.09.2021 14:30:00,2021,1,9.0,PL,PL,76.0
01.09.2021 14:30:00,2021,1,9.0,PL,IT,72.0
01.09.2021 14:30:00,2021,1,9.0,PL,BE,48.0
01.09.2021 14:30:00,2021,1,9.0,PL,ES,57.0
01.09.2021 14:30:00,2021,1,9.0,IT,DE,39.0
01.09.2021 14:30:00,2021,1,9.0,IT,AT,12.0
01.09.2021 14:30:00,2021,1,9.0,IT,FR,57.0
01.09.2021 14:30:00,2021,1,9.0,IT,NL,11.0
01.09.2021 14:30:00,2021,1,9.0,IT,CZ,13.0
01.09.2021 14:30:00,2021,1,9.0,IT,CH,10.0
01.09.2021 14:30:00,2021,1,9.0,IT,PL,18.0
01.09.2021 14:30:00,2021,1,9.0,IT,IT,73.0
01.09.2021 14:30:00,2021,1,9.0,IT,BE,9.0
01.09.2021 14:30:00,2021,1,9.0,IT,ES,32.0
01.09.2021 14:30:00,2021,1,9.0,BE,DE,80.0
01.09.2021 14:30:00,2021,1,9.0,BE,AT,23.0
01.09.2021 14:30:00,2021,1,9.0,BE,FR,83.0
01.09.2021 14:30:00,2021,1,9.0,BE,NL,57.0
01.09.2021 14:30:00,2021,1,9.0,BE,CZ,20.0
01.09.2021 14:30:00,2021,1,9.0,BE,CH,26.0
01.09.2021 14:30:00,2021,1,9.0,BE,PL,26.0
01.09.2021 14:30:00,2021,1,9.0,BE,IT,50.0
01.09.2021 14:30:00,2021,1,9.0,BE,BE,40.0
01.09.2021 14:30:00,2021,1,9.0,BE,ES,43.0
01.09.2021 14:30:00,2021,1,9.0,ES,DE,26.0
01.09.2021 14:30:00,2021,1,9.0,ES,AT,3.0
01.09.2021 14:30:00,2021,1,9.0,ES,FR,57.0
01.09.2021 14:30:00,2021,1,9.0,ES,NL,21.0
01.09.2021 14:30:00,2021,1,9.0,ES,CZ,3.0
01.09.2021 14:30:00,2021,1,9.0,ES,CH,4.0
01.09.2021 14:30:00,2021,1,9.0,ES,PL,8.0
01.09.2021 14:30:00,2021,1,9.0,ES,IT,40.0
01.09.2021 14:30:00,2021,1,9.0,ES,BE,8.0
01.09.2021 14:30:00,2021,1,9.0,ES,ES,32.0
02.09.2021 09:15:00,2021,2,9.0,DE,DE,83.0
02.09.2021 09:15:00,2021,2,9.0,DE,AT,48.0
02.09.2021 09:15:00,2021,2,9.0,DE,FR,69.0
02.09.2021 09:15:00,2021,2,9.0,DE,NL,48.0
02.09.2021 09:15:00,2021,2,9.0,DE,CZ,27.0
02.09.2021 09:15:00,2021,2,9.0,DE,CH,32.0
02.09.2021 09:15:00,2021,2,9.0,DE,PL,26.0
02.09.2021 09:15:00,2021,2,9.0,DE,IT,60.0
02.09.2021 09:15:00,2021,2,9.0,DE,BE,47.0
02.09.2021 09:15:00,2021,2,9.0,DE,ES,45.0
02.09.2021 09:15:00,2021,2,9.0,AT,DE,70.0
02.09.2021 09:15:00,2021,2,9.0,AT,AT,59.0
02.09.2021 09:15:00,2021,2,9.0,AT,FR,58.0
02.09.2021 09:15:00,2021,2,9.0,AT,NL,18.0
02.09.2021 09:15:00,2021,2,9.0,AT,CZ,44.0
02.09.2021 09:15:00,2021,2,9.0,AT,CH,35.0
02.09.2021 09:15:00,2021,2,9.0,AT,PL,26.0
02.09.2021 09:15:00,2021,2,9.0,AT,IT,83.0
02.09.2021 09:15:00,2021,2,9.0,AT,BE,18.0
02.09.2021 09:15:00,2021,2,9.0,AT,ES,33.0
02.09.2021 09:15:00,2021,2,9.0,FR,DE,54.0
02.09.2021 09:15:00,2021,2,9.0,FR,AT,11.0
02.09.2021 09:15:00,2021,2,9.0,FR,FR,86.0
02.09.2021 09:15:00,2021,2,9.0,FR,NL,39.0
02.09.2021 09:15:00,2021,2,9.0,FR,CZ,10.0
02.09.2021 09:15:00,2021,2,9.0,FR,CH,16.0
02.09.2021 09:15:00,2021,2,9.0,FR,PL,14.0
02.09.2021 09:15:00,2021,2,9.0,FR,IT,55.0
02.09.2021 09:15:00,2021,2,9.0,FR,BE,31.0
02.09.2021 09:15:00,2021,2,9.0,FR,ES,45.0
02.09.2021 09:15:00,2021,2,9.0,NL,DE,86.0
02.09.2021 09:15:00,2021,2,9.0,NL,AT,45.0
02.09.2021 09:15:00,2021,2,9.0,NL,FR,81.0
02.09.2021 09:15:00,2021,2,9.0,NL,NL,57.0
02.09.2021 09:15:00,2021,2,9.0,NL,CZ,33.0
02.09.2021 09:15:00,2021,2,9.0,NL,CH,31.0
02.09.2021 09:15:00,2021,2,9.0,NL,PL,35.0
02.09.2021 09:15:00,2021,2,9.0,NL,IT,62.0
02.09.2021 09:15:00,2021,2,9.0,NL,BE,56.0
02.09.2021 09:15:00,2021,2,9.0,NL,ES,61.0
02.09.2021 09:15:00,2021,2,9.0,CZ,DE,81.0
02.09.2021 09:15:00,2021,2,9.0,CZ,AT,67.0
02.09.2021 09:15:00,2021,2,9.0,CZ,FR,58.0
02.09.2021 09:15:00,2021,2,9.0,CZ,NL,37.0
02.09.2021 09:15:00,2021,2,9.0,CZ,CZ,77.0
02.09.2021 09:15:00,2021,2,9.0,CZ,CH,39.0
02.09.2021 09:15:00,2021,2,9.0,CZ,PL,41.0
02.09.2021 09:15:00,2021,2,9.0,CZ,IT,71.0
02.09.2021 09:15:00,2021,2,9.0,CZ,BE,38.0
02.09.2021 09:15:00,2021,2,9.0,CZ,ES,42.0
02.09.2021 09:15:00,2021,2,9.0,CH,DE,18.0
02.09.2021 09:15:00,2021,2,9.0,CH,AT,4.0
02.09.2021 09:15:00,2021,2,9.0,CH,FR,18.0
02.09.2021 09:15:00,2021,2,9.0,CH,NL,8.0
02.09.2021 09:15:00,2021,2,9.0,CH,CZ,4.0
02.09.2021 09:15:00,2021,2,9.0,CH,CH,4.0
02.09.2021 09:15:00,2021,2,9.0,CH,PL,3.0
02.09.2021 09:15:00,2021,2,9.0,CH,IT,16.0
02.09.2021 09:15:00,2021,2,9.0,CH,BE,4.0
02.09.2021 09:15:00,2021,2,9.0,CH,ES,6.0
02.09.2021 09:15:00,2021,2,9.0,PL,DE,81.0
02.09.2021 09:15:00,2021,2,9.0,PL,AT,67.0
02.09.2021 09:15:00,2021,2,9.0,PL,FR,83.0
02.09.2021 09:15:00,2021,2,9.0,PL,NL,66.0
02.09.2021 09:15:00,2021,2,9.0,PL,CZ,71.0
02.09.2021 09:15:00,2021,2,9.0,PL,CH,51.0
02.09.2021 09:15:00,2021,2,9.0,PL,PL,75.0
02.09.2021 09:15:00,2021,2,9.0,PL,IT,70.0
02.09.2021 09:15:00,2021,2,9.0,PL,BE,48.0
02.09.2021 09:15:00,2021,2,9.0,PL,ES,51.0
02.09.2021 09:15:00,2021,2,9.0,IT,DE,42.0
02.09.2021 09:15:00,2021,2,9.0,IT,AT,14.0
02.09.2021 09:15:00,2021,2,9.0,IT,FR,58.0
02.09.2021 09:15:00,2021,2,9.0,IT,NL,12.0
02.09.2021 09:15:00,2021,2,9.0,IT,CZ,15.0
02.09.2021 09:15:00,2021,2,9.0,IT,CH,11.0
02.09.2021 09:15:00,2021,2,9.0,IT,PL,21.0
02.09.2021 09:15:00,2021,2,9.0,IT,IT,70.0
02.09.2021 09:15:00,2021,2,9.0,IT,BE,11.0
02.09.2021 09:15:00,2021,2,9.0,IT,ES,34.0
02.09.2021 09:15:00,2021,2,9.0,BE,DE,80.0
02.09.2021 09:15:00,2021,2,9.0,BE,AT,25.0
02.09.2021 09:15:00,2021,2,9.0,BE,FR,83.0
02.09.2021 09:15:00,2021,2,9.0,BE,NL,59.0
02.09.2021 09:15:00,2021,2,9.0,BE,CZ,23.0
02.09.2021 09:15:00,2021,2,9.0,BE,CH,26.0
02.09.2021 09:15:00,2021,2,9.0,BE,PL,29.0
02.09.2021 09:15:00,2021,2,9.0,BE,IT,50.0
02.09.2021 09:30:00,2021,2,9.0,BE,BE,39.0
02.09.2021 09:30:00,2021,2,9.0,BE,ES,44.0
02.09.2021 09:30:00,2021,2,9.0,ES,DE,28.0
02.09.2021 09:30:00,2021,2,9.0,ES,AT,4.0
02.09.2021 09:30:00,2021,2,9.0,ES,FR,58.0
02.09.2021 09:30:00,2021,2,9.0,ES,NL,24.0
02.09.2021 09:30:00,2021,2,9.0,ES,CZ,2.0
02.09.2021 09:30:00,2021,2,9.0,ES,CH,5.0
02.09.2021 09:30:00,2021,2,9.0,ES,PL,8.0
02.09.2021 09:30:00,2021,2,9.0,ES,IT,43.0
02.09.2021 09:30:00,2021,2,9.0,ES,BE,10.0
02.09.2021 09:30:00,2021,2,9.0,ES,ES,31.0
02.09.2021 13:00:00,2021,9,2.0,DE,DE,83.0
02.09.2021 13:00:00,2021,9,2.0,DE,AT,50.0
02.09.2021 13:00:00,2021,9,2.0,DE,FR,70.0
02.09.2021 13:00:00,2021,9,2.0,DE,NL,49.0
02.09.2021 13:00:00,2021,9,2.0,DE,CZ,28.0
02.09.2021 13:00:00,2021,9,2.0,DE,CH,33.0
02.09.2021 13:00:00,2021,9,2.0,DE,PL,28.0
02.09.2021 13:00:00,2021,9,2.0,DE,IT,60.0
02.09.2021 13:00:00,2021,9,2.0,DE,BE,49.0
02.09.2021 13:00:00,2021,9,2.0,DE,ES,46.0
02.09.2021 13:00:00,2021,9,2.0,AT,DE,68.0
02.09.2021 13:00:00,2021,9,2.0,AT,AT,56.0
02.09.2021 13:00:00,2021,9,2.0,AT,FR,59.0
02.09.2021 13:00:00,2021,9,2.0,AT,NL,18.0
02.09.2021 13:00:00,2021,9,2.0,AT,CZ,41.0
02.09.2021 13:00:00,2021,9,2.0,AT,CH,34.0
02.09.2021 13:00:00,2021,9,2.0,AT,PL,27.0
02.09.2021 13:00:00,2021,9,2.0,AT,IT,84.0
02.09.2021 13:00:00,2021,9,2.0,AT,BE,18.0
02.09.2021 13:00:00,2021,9,2.0,AT,ES,32.0
02.09.2021 13:00:00,2021,9,2.0,FR,DE,53.0
02.09.2021 13:00:00,2021,9,2.0,FR,AT,10.0
02.09.2021 13:00:00,2021,9,2.0,FR,FR,86.0
02.09.2021 13:00:00,2021,9,2.0,FR,NL,36.0
02.09.2021 13:00:00,2021,9,2.0,FR,CZ,9.0
02.09.2021 13:00:00,2021,9,2.0,FR,CH,17.0
02.09.2021 13:00:00,2021,9,2.0,FR,PL,14.0
02.09.2021 13:00:00,2021,9,2.0,FR,IT,52.0
02.09.2021 13:00:00,2021,9,2.0,FR,BE,32.0
02.09.2021 13:00:00,2021,9,2.0,FR,ES,45.0
02.09.2021 13:00:00,2021,9,2.0,NL,DE,86.0
02.09.2021 13:00:00,2021,9,2.0,NL,AT,50.0
02.09.2021 13:00:00,2021,9,2.0,NL,FR,82.0
02.09.2021 13:00:00,2021,9,2.0,NL,NL,61.0
02.09.2021 13:00:00,2021,9,2.0,NL,CZ,35.0
02.09.2021 13:00:00,2021,9,2.0,NL,CH,33.0
02.09.2021 13:00:00,2021,9,2.0,NL,PL,36.0
02.09.2021 13:00:00,2021,9,2.0,NL,IT,60.0
02.09.2021 13:00:00,2021,9,2.0,NL,BE,57.0
02.09.2021 13:00:00,2021,9,2.0,NL,ES,62.0
02.09.2021 13:00:00,2021,9,2.0,CZ,DE,80.0
02.09.2021 13:00:00,2021,9,2.0,CZ,AT,66.0
02.09.2021 13:00:00,2021,9,2.0,CZ,FR,56.0
02.09.2021 13:00:00,2021,9,2.0,CZ,NL,31.0
02.09.2021 13:00:00,2021,9,2.0,CZ,CZ,75.0
02.09.2021 13:00:00,2021,9,2.0,CZ,CH,33.0
02.09.2021 13:00:00,2021,9,2.0,CZ,PL,44.0
02.09.2021 13:00:00,2021,9,2.0,CZ,IT,70.0
02.09.2021 13:00:00,2021,9,2.0,CZ,BE,33.0
02.09.2021 13:00:00,2021,9,2.0,CZ,ES,40.0
02.09.2021 13:00:00,2021,9,2.0,CH,DE,17.0
02.09.2021 13:00:00,2021,9,2.0,CH,AT,4.0
02.09.2021 13:00:00,2021,9,2.0,CH,FR,17.0
02.09.2021 13:00:00,2021,9,2.0,CH,NL,5.0
02.09.2021 13:00:00,2021,9,2.0,CH,CZ,2.0
02.09.2021 13:00:00,2021,9,2.0,CH,CH,4.0
02.09.2021 13:00:00,2021,9,2.0,CH,PL,3.0
02.09.2021 13:00:00,2021,9,2.0,CH,IT,16.0
02.09.2021 13:00:00,2021,9,2.0,CH,BE,3.0
02.09.2021 13:00:00,2021,9,2.0,CH,ES,5.0
02.09.2021 13:00:00,2021,9,2.0,PL,DE,82.0
02.09.2021 13:00:00,2021,9,2.0,PL,AT,68.0
02.09.2021 13:00:00,2021,9,2.0,PL,FR,82.0
02.09.2021 13:00:00,2021,9,2.0,PL,NL,66.0
02.09.2021 13:00:00,2021,9,2.0,PL,CZ,71.0
02.09.2021 13:00:00,2021,9,2.0,PL,CH,54.0
02.09.2021 13:00:00,2021,9,2.0,PL,PL,76.0
02.09.2021 13:00:00,2021,9,2.0,PL,IT,69.0
02.09.2021 13:00:00,2021,9,2.0,PL,BE,49.0
02.09.2021 13:00:00,2021,9,2.0,PL,ES,52.0
02.09.2021 13:00:00,2021,9,2.0,IT,DE,42.0
02.09.2021 13:00:00,2021,9,2.0,IT,AT,13.0
02.09.2021 13:00:00,2021,9,2.0,IT,FR,56.0
02.09.2021 13:00:00,2021,9,2.0,IT,NL,10.0
02.09.2021 13:00:00,2021,9,2.0,IT,CZ,11.0
02.09.2021 13:00:00,2021,9,2.0,IT,CH,10.0
02.09.2021 13:00:00,2021,9,2.0,IT,PL,18.0
02.09.2021 13:00:00,2021,9,2.0,IT,IT,67.0
02.09.2021 13:00:00,2021,9,2.0,IT,BE,11.0
02.09.2021 13:00:00,2021,9,2.0,IT,ES,33.0
02.09.2021 13:00:00,2021,9,2.0,BE,DE,80.0
02.09.2021 13:00:00,2021,9,2.0,BE,AT,30.0
02.09.2021 13:00:00,2021,9,2.0,BE,FR,83.0
02.09.2021 13:00:00,2021,9,2.0,BE,NL,60.0
02.09.2021 13:00:00,2021,9,2.0,BE,CZ,25.0
02.09.2021 13:00:00,2021,9,2.0,BE,CH,22.0
02.09.2021 13:00:00,2021,9,2.0,BE,PL,28.0
02.09.2021 13:00:00,2021,9,2.0,BE,IT,50.0
02.09.2021 13:00:00,2021,9,2.0,BE,BE,40.0
02.09.2021 13:00:00,2021,9,2.0,BE,ES,44.0
02.09.2021 13:00:00,2021,9,2.0,ES,DE,24.0
02.09.2021 13:00:00,2021,9,2.0,ES,AT,3.0
02.09.2021 13:00:00,2021,9,2.0,ES,FR,54.0
02.09.2021 13:00:00,2021,9,2.0,ES,NL,19.0
02.09.2021 13:00:00,2021,9,2.0,ES,CZ,2.0
02.09.2021 13:00:00,2021,9,2.0,ES,CH,3.0
02.09.2021 13:00:00,2021,9,2.0,ES,PL,7.0
02.09.2021 13:00:00,2021,9,2.0,ES,IT,39.0
02.09.2021 13:00:00,2021,9,2.0,ES,BE,8.0
02.09.2021 13:00:00,2021,9,2.0,ES,ES,23.0
03.09.2021 10:00:00,2021,9,3.0,DE,DE,85.0
03.09.2021 10:00:00,2021,9,3.0,DE,AT,52.0
03.09.2021 10:00:00,2021,9,3.0,DE,FR,70.0
03.09.2021 10:00:00,2021,9,3.0,DE,NL,49.0
03.09.2021 10:00:00,2021,9,3.0,DE,CZ,32.0
03.09.2021 10:00:00,2021,9,3.0,DE,CH,30.0
03.09.2021 10:00:00,2021,9,3.0,DE,PL,35.0
03.09.2021 10:00:00,2021,9,3.0,DE,IT,59.0
03.09.2021 10:00:00,2021,9,3.0,DE,BE,48.0
03.09.2021 10:00:00,2021,9,3.0,DE,ES,46.0
03.09.2021 10:00:00,2021,9,3.0,AT,DE,72.0
03.09.2021 10:00:00,2021,9,3.0,AT,AT,60.0
03.09.2021 10:00:00,2021,9,3.0,AT,FR,57.0
03.09.2021 10:00:00,2021,9,3.0,AT,NL,18.0
03.09.2021 10:00:00,2021,9,3.0,AT,CZ,44.0
03.09.2021 10:00:00,2021,9,3.0,AT,CH,33.0
03.09.2021 10:00:00,2021,9,3.0,AT,PL,31.0
03.09.2021 10:00:00,2021,9,3.0,AT,IT,83.0
03.09.2021 10:00:00,2021,9,3.0,AT,BE,20.0
03.09.2021 10:00:00,2021,9,3.0,AT,ES,31.0
03.09.2021 10:00:00,2021,9,3.0,FR,DE,56.0
03.09.2021 10:00:00,2021,9,3.0,FR,AT,13.0
03.09.2021 10:00:00,2021,9,3.0,FR,FR,87.0
03.09.2021 10:00:00,2021,9,3.0,FR,NL,39.0
03.09.2021 10:00:00,2021,9,3.0,FR,CZ,11.0
03.09.2021 10:00:00,2021,9,3.0,FR,CH,18.0
03.09.2021 10:00:00,2021,9,3.0,FR,PL,17.0
03.09.2021 10:00:00,2021,9,3.0,FR,IT,54.0
03.09.2021 10:00:00,2021,9,3.0,FR,BE,35.0
03.09.2021 10:00:00,2021,9,3.0,FR,ES,51.0
03.09.2021 10:00:00,2021,9,3.0,NL,DE,87.0
03.09.2021 10:00:00,2021,9,3.0,NL,AT,50.0
03.09.2021 10:00:00,2021,9,3.0,NL,FR,84.0
03.09.2021 10:00:00,2021,9,3.0,NL,NL,60.0
03.09.2021 10:00:00,2021,9,3.0,NL,CZ,43.0
03.09.2021 10:00:00,2021,9,3.0,NL,CH,33.0
03.09.2021 10:00:00,2021,9,3.0,NL,PL,41.0
03.09.2021 10:00:00,2021,9,3.0,NL,IT,64.0
03.09.2021 10:00:00,2021,9,3.0,NL,BE,58.0
03.09.2021 10:00:00,2021,9,3.0,NL,ES,61.0
03.09.2021 10:00:00,2021,9,3.0,CZ,DE,82.0
03.09.2021 10:00:00,2021,9,3.0,CZ,AT,67.0
03.09.2021 10:00:00,2021,9,3.0,CZ,FR,55.0
03.09.2021 10:00:00,2021,9,3.0,CZ,NL,32.0
03.09.2021 10:00:00,2021,9,3.0,CZ,CZ,76.0
03.09.2021 10:00:00,2021,9,3.0,CZ,CH,30.0
03.09.2021 10:00:00,2021,9,3.0,CZ,PL,51.0
03.09.2021 10:00:00,2021,9,3.0,CZ,IT,67.0
03.09.2021 10:00:00,2021,9,3.0,CZ,BE,35.0
03.09.2021 10:00:00,2021,9,3.0,CZ,ES,37.0
03.09.2021 10:00:00,2021,9,3.0,CH,DE,21.0
03.09.2021 10:00:00,2021,9,3.0,CH,AT,4.0
03.09.2021 10:00:00,2021,9,3.0,CH,FR,17.0
03.09.2021 10:00:00,2021,9,3.0,CH,NL,7.0
03.09.2021 10:00:00,2021,9,3.0,CH,CZ,3.0
03.09.2021 10:00:00,2021,9,3.0,CH,CH,2.0
03.09.2021 10:00:00,2021,9,3.0,CH,PL,6.0
03.09.2021 10:00:00,2021,9,3.0,CH,IT,16.0
03.09.2021 10:00:00,2021,9,3.0,CH,BE,6.0
03.09.2021 10:00:00,2021,9,3.0,CH,ES,6.0
03.09.2021 10:00:00,2021,9,3.0,PL,DE,81.0
03.09.2021 10:00:00,2021,9,3.0,PL,AT,68.0
03.09.2021 10:00:00,2021,9,3.0,PL,FR,81.0
03.09.2021 10:00:00,2021,9,3.0,PL,NL,61.0
03.09.2021 10:00:00,2021,9,3.0,PL,CZ,71.0
03.09.2021 10:00:00,2021,9,3.0,PL,CH,49.0
03.09.2021 10:00:00,2021,9,3.0,PL,PL,74.0
03.09.2021 10:00:00,2021,9,3.0,PL,IT,69.0
03.09.2021 10:00:00,2021,9,3.0,PL,BE,48.0
03.09.2021 10:00:00,2021,9,3.0,PL,ES,51.0
03.09.2021 10:00:00,2021,9,3.0,IT,DE,44.0
03.09.2021 10:00:00,2021,9,3.0,IT,AT,15.0
03.09.2021 10:00:00,2021,9,3.0,IT,FR,53.0
03.09.2021 10:00:00,2021,9,3.0,IT,NL,12.0
03.09.2021 10:00:00,2021,9,3.0,IT,CZ,13.0
03.09.2021 10:00:00,2021,9,3.0,IT,CH,10.0
03.09.2021 10:00:00,2021,9,3.0,IT,PL,23.0
03.09.2021 10:00:00,2021,9,3.0,IT,IT,64.0
03.09.2021 10:00:00,2021,9,3.0,IT,BE,13.0
03.09.2021 10:00:00,2021,9,3.0,IT,ES,35.0
03.09.2021 10:00:00,2021,9,3.0,BE,DE,80.0
03.09.2021 10:00:00,2021,9,3.0,BE,AT,29.0
03.09.2021 10:00:00,2021,9,3.0,BE,FR,82.0
03.09.2021 10:00:00,2021,9,3.0,BE,NL,55.0
03.09.2021 10:00:00,2021,9,3.0,BE,CZ,25.0
03.09.2021 10:00:00,2021,9,3.0,BE,CH,26.0
03.09.2021 10:00:00,2021,9,3.0,BE,PL,34.0
03.09.2021 10:00:00,2021,9,3.0,BE,IT,44.0
03.09.2021 10:00:00,2021,9,3.0,BE,BE,38.0
03.09.2021 10:00:00,2021,9,3.0,BE,ES,45.0
03.09.2021 10:00:00,2021,9,3.0,ES,DE,23.0
03.09.2021 10:00:00,2021,9,3.0,ES,AT,3.0
03.09.2021 10:00:00,2021,9,3.0,ES,FR,53.0
03.09.2021 10:00:00,2021,9,3.0,ES,NL,18.0
03.09.2021 10:00:00,2021,9,3.0,ES,CZ,2.0
03.09.2021 10:00:00,2021,9,3.0,ES,CH,2.0
03.09.2021 10:00:00,2021,9,3.0,ES,PL,5.0
03.09.2021 10:00:00,2021,9,3.0,ES,IT,36.0
03.09.2021 10:00:00,2021,9,3.0,ES,BE,8.0
03.09.2021 10:00:00,2021,9,3.0,ES,ES,24.0
04.09.2021 09:15:00,2021,9,4.0,DE,DE,84.0
04.09.2021 09:15:00,2021,9,4.0,DE,AT,50.0
04.09.2021 09:15:00,2021,9,4.0,DE,FR,70.0
04.09.2021 09:15:00,2021,9,4.0,DE,NL,48.0
04.09.2021 09:15:00,2021,9,4.0,DE,CZ,32.0
04.09.2021 09:15:00,2021,9,4.0,DE,CH,28.0
04.09.2021 09:15:00,2021,9,4.0,DE,PL,35.0
04.09.2021 09:15:00,2021,9,4.0,DE,IT,57.0
04.09.2021 09:15:00,2021,9,4.0,DE,BE,46.0
04.09.2021 09:15:00,2021,9,4.0,DE,ES,42.0
04.09.2021 09:15:00,2021,9,4.0,AT,DE,68.0
04.09.2021 09:15:00,2021,9,4.0,AT,AT,56.0
04.09.2021 09:15:00,2021,9,4.0,AT,FR,52.0
04.09.2021 09:15:00,2021,9,4.0,AT,NL,19.0
04.09.2021 09:15:00,2021,9,4.0,AT,CZ,39.0
04.09.2021 09:15:00,2021,9,4.0,AT,CH,25.0
04.09.2021 09:15:00,2021,9,4.0,AT,PL,28.0
04.09.2021 09:15:00,2021,9,4.0,AT,IT,78.0
04.09.2021 09:15:00,2021,9,4.0,AT,BE,13.0
04.09.2021 09:15:00,2021,9,4.0,AT,ES,22.0
04.09.2021 09:15:00,2021,9,4.0,FR,DE,56.0
04.09.2021 09:15:00,2021,9,4.0,FR,AT,12.0
04.09.2021 09:15:00,2021,9,4.0,FR,FR,87.0
04.09.2021 09:15:00,2021,9,4.0,FR,NL,40.0
04.09.2021 09:15:00,2021,9,4.0,FR,CZ,10.0
04.09.2021 09:15:00,2021,9,4.0,FR,CH,17.0
04.09.2021 09:15:00,2021,9,4.0,FR,PL,20.0
04.09.2021 09:15:00,2021,9,4.0,FR,IT,56.0
04.09.2021 09:15:00,2021,9,4.0,FR,BE,36.0
04.09.2021 09:15:00,2021,9,4.0,FR,ES,51.0
04.09.2021 09:15:00,2021,9,4.0,NL,DE,85.0
04.09.2021 09:15:00,2021,9,4.0,NL,AT,47.0
04.09.2021 09:15:00,2021,9,4.0,NL,FR,84.0
04.09.2021 09:15:00,2021,9,4.0,NL,NL,56.0
04.09.2021 09:15:00,2021,9,4.0,NL,CZ,40.0
04.09.2021 09:15:00,2021,9,4.0,NL,CH,32.0
04.09.2021 09:15:00,2021,9,4.0,NL,PL,38.0
04.09.2021 09:15:00,2021,9,4.0,NL,IT,65.0
04.09.2021 09:15:00,2021,9,4.0,NL,BE,55.0
04.09.2021 09:15:00,2021,9,4.0,NL,ES,61.0
04.09.2021 09:15:00,2021,9,4.0,CZ,DE,78.0
04.09.2021 09:15:00,2021,9,4.0,CZ,AT,60.0
04.09.2021 09:15:00,2021,9,4.0,CZ,FR,51.0
04.09.2021 09:15:00,2021,9,4.0,CZ,NL,32.0
04.09.2021 09:15:00,2021,9,4.0,CZ,CZ,66.0
04.09.2021 09:15:00,2021,9,4.0,CZ,CH,41.0
04.09.2021 09:15:00,2021,9,4.0,CZ,PL,43.0
04.09.2021 09:15:00,2021,9,4.0,CZ,IT,61.0
04.09.2021 09:15:00,2021,9,4.0,CZ,BE,32.0
04.09.2021 09:15:00,2021,9,4.0,CZ,ES,32.0
04.09.2021 09:15:00,2021,9,4.0,CH,DE,22.0
04.09.2021 09:15:00,2021,9,4.0,CH,AT,6.0
04.09.2021 09:15:00,2021,9,4.0,CH,FR,18.0
04.09.2021 09:15:00,2021,9,4.0,CH,NL,5.0
04.09.2021 09:15:00,2021,9,4.0,CH,CZ,2.0
04.09.2021 09:15:00,2021,9,4.0,CH,CH,2.0
04.09.2021 09:15:00,2021,9,4.0,CH,PL,6.0
04.09.2021 09:15:00,2021,9,4.0,CH,IT,14.0
04.09.2021 09:15:00,2021,9,4.0,CH,BE,5.0
04.09.2021 09:15:00,2021,9,4.0,CH,ES,5.0
04.09.2021 09:15:00,2021,9,4.0,PL,DE,80.0
04.09.2021 09:15:00,2021,9,4.0,PL,AT,65.0
04.09.2021 09:15:00,2021,9,4.0,PL,FR,79.0
04.09.2021 09:15:00,2021,9,4.0,PL,NL,55.0
04.09.2021 09:15:00,2021,9,4.0,PL,CZ,66.0
04.09.2021 09:15:00,2021,9,4.0,PL,CH,42.0
04.09.2021 09:15:00,2021,9,4.0,PL,PL,66.0
04.09.2021 09:15:00,2021,9,4.0,PL,IT,66.0
04.09.2021 09:15:00,2021,9,4.0,PL,BE,41.0
04.09.2021 09:15:00,2021,9,4.0,PL,ES,41.0
04.09.2021 09:15:00,2021,9,4.0,IT,DE,42.0
04.09.2021 09:15:00,2021,9,4.0,IT,AT,16.0
04.09.2021 09:15:00,2021,9,4.0,IT,FR,55.0
04.09.2021 09:15:00,2021,9,4.0,IT,NL,15.0
04.09.2021 09:15:00,2021,9,4.0,IT,CZ,15.0
04.09.2021 09:15:00,2021,9,4.0,IT,CH,13.0
04.09.2021 09:15:00,2021,9,4.0,IT,PL,24.0
04.09.2021 09:15:00,2021,9,4.0,IT,IT,66.0
04.09.2021 09:15:00,2021,9,4.0,IT,BE,12.0
04.09.2021 09:15:00,2021,9,4.0,IT,ES,34.0
04.09.2021 09:15:00,2021,9,4.0,BE,DE,81.0
04.09.2021 09:15:00,2021,9,4.0,BE,AT,25.0
04.09.2021 09:15:00,2021,9,4.0,BE,FR,82.0
04.09.2021 09:15:00,2021,9,4.0,BE,NL,58.0
04.09.2021 09:15:00,2021,9,4.0,BE,CZ,27.0
04.09.2021 09:15:00,2021,9,4.0,BE,CH,29.0
04.09.2021 09:30:00,2021,9,4.0,BE,PL,33.0
04.09.2021 09:30:00,2021,9,4.0,BE,IT,43.0
04.09.2021 09:30:00,2021,9,4.0,BE,BE,45.0
04.09.2021 09:30:00,2021,9,4.0,BE,ES,45.0
04.09.2021 09:30:00,2021,9,4.0,ES,DE,19.0
04.09.2021 09:30:00,2021,9,4.0,ES,AT,3.0
04.09.2021 09:30:00,2021,9,4.0,ES,FR,49.0
04.09.2021 09:30:00,2021,9,4.0,ES,NL,17.0
04.09.2021 09:30:00,2021,9,4.0,ES,CZ,2.0
04.09.2021 09:30:00,2021,9,4.0,ES,CH,3.0
04.09.2021 09:30:00,2021,9,4.0,ES,PL,5.0
04.09.2021 09:30:00,2021,9,4.0,ES,IT,33.0
04.09.2021 09:30:00,2021,9,4.0,ES,BE,8.0
04.09.2021 09:30:00,2021,9,4.0,ES,ES,21.0
05.09.2021 09:15:00,2021,9,5.0,DE,DE,84.0
05.09.2021 09:15:00,2021,9,5.0,DE,AT,51.0
05.09.2021 09:15:00,2021,9,5.0,DE,FR,70.0
05.09.2021 09:15:00,2021,9,5.0,DE,NL,48.0
05.09.2021 09:15:00,2021,9,5.0,DE,CZ,32.0
05.09.2021 09:15:00,2021,9,5.0,DE,CH,29.0
05.09.2021 09:15:00,2021,9,5.0,DE,PL,35.0
05.09.2021 09:15:00,2021,9,5.0,DE,IT,57.0
05.09.2021 09:15:00,2021,9,5.0,DE,BE,46.0
05.09.2021 09:15:00,2021,9,5.0,DE,ES,42.0
05.09.2021 09:15:00,2021,9,5.0,AT,DE,68.0
05.09.2021 09:15:00,2021,9,5.0,AT,AT,56.0
05.09.2021 09:15:00,2021,9,5.0,AT,FR,52.0
05.09.2021 09:15:00,2021,9,5.0,AT,NL,19.0
05.09.2021 09:15:00,2021,9,5.0,AT,CZ,39.0
05.09.2021 09:15:00,2021,9,5.0,AT,CH,26.0
05.09.2021 09:15:00,2021,9,5.0,AT,PL,28.0
05.09.2021 09:15:00,2021,9,5.0,AT,IT,78.0
05.09.2021 09:15:00,2021,9,5.0,AT,BE,13.0
05.09.2021 09:15:00,2021,9,5.0,AT,ES,22.0
05.09.2021 09:15:00,2021,9,5.0,FR,DE,57.0
05.09.2021 09:15:00,2021,9,5.0,FR,AT,12.0
05.09.2021 09:15:00,2021,9,5.0,FR,FR,87.0
05.09.2021 09:15:00,2021,9,5.0,FR,NL,41.0
05.09.2021 09:15:00,2021,9,5.0,FR,CZ,10.0
05.09.2021 09:15:00,2021,9,5.0,FR,CH,18.0
05.09.2021 09:15:00,2021,9,5.0,FR,PL,21.0
05.09.2021 09:15:00,2021,9,5.0,FR,IT,56.0
05.09.2021 09:15:00,2021,9,5.0,FR,BE,36.0
05.09.2021 09:15:00,2021,9,5.0,FR,ES,50.0
05.09.2021 09:15:00,2021,9,5.0,NL,DE,86.0
05.09.2021 09:15:00,2021,9,5.0,NL,AT,47.0
05.09.2021 09:15:00,2021,9,5.0,NL,FR,84.0
05.09.2021 09:15:00,2021,9,5.0,NL,NL,57.0
05.09.2021 09:15:00,2021,9,5.0,NL,CZ,40.0
05.09.2021 09:15:00,2021,9,5.0,NL,CH,32.0
05.09.2021 09:15:00,2021,9,5.0,NL,PL,38.0
05.09.2021 09:15:00,2021,9,5.0,NL,IT,65.0
05.09.2021 09:15:00,2021,9,5.0,NL,BE,56.0
05.09.2021 09:15:00,2021,9,5.0,NL,ES,61.0
05.09.2021 09:15:00,2021,9,5.0,CZ,DE,79.0
05.09.2021 09:15:00,2021,9,5.0,CZ,AT,61.0
05.09.2021 09:15:00,2021,9,5.0,CZ,FR,53.0
05.09.2021 09:15:00,2021,9,5.0,CZ,NL,33.0
05.09.2021 09:15:00,2021,9,5.0,CZ,CZ,69.0
05.09.2021 09:15:00,2021,9,5.0,CZ,CH,41.0
05.09.2021 09:15:00,2021,9,5.0,CZ,PL,46.0
05.09.2021 09:15:00,2021,9,5.0,CZ,IT,62.0
05.09.2021 09:15:00,2021,9,5.0,CZ,BE,32.0
05.09.2021 09:15:00,2021,9,5.0,CZ,ES,33.0
05.09.2021 09:15:00,2021,9,5.0,CH,DE,23.0
05.09.2021 09:15:00,2021,9,5.0,CH,AT,6.0
05.09.2021 09:15:00,2021,9,5.0,CH,FR,19.0
05.09.2021 09:15:00,2021,9,5.0,CH,NL,5.0
05.09.2021 09:15:00,2021,9,5.0,CH,CZ,2.0
05.09.2021 09:15:00,2021,9,5.0,CH,CH,2.0
05.09.2021 09:15:00,2021,9,5.0,CH,PL,6.0
05.09.2021 09:15:00,2021,9,5.0,CH,IT,14.0
05.09.2021 09:15:00,2021,9,5.0,CH,BE,5.0
05.09.2021 09:15:00,2021,9,5.0,CH,ES,6.0
05.09.2021 09:15:00,2021,9,5.0,PL,DE,80.0
05.09.2021 09:15:00,2021,9,5.0,PL,AT,65.0
05.09.2021 09:15:00,2021,9,5.0,PL,FR,79.0
05.09.2021 09:15:00,2021,9,5.0,PL,NL,56.0
05.09.2021 09:15:00,2021,9,5.0,PL,CZ,65.0
05.09.2021 09:15:00,2021,9,5.0,PL,CH,43.0
05.09.2021 09:15:00,2021,9,5.0,PL,PL,66.0
05.09.2021 09:15:00,2021,9,5.0,PL,IT,66.0
05.09.2021 09:15:00,2021,9,5.0,PL,BE,40.0
05.09.2021 09:15:00,2021,9,5.0,PL,ES,41.0
05.09.2021 09:15:00,2021,9,5.0,IT,DE,43.0
05.09.2021 09:15:00,2021,9,5.0,IT,AT,16.0
05.09.2021 09:15:00,2021,9,5.0,IT,FR,55.0
05.09.2021 09:15:00,2021,9,5.0,IT,NL,15.0
05.09.2021 09:15:00,2021,9,5.0,IT,CZ,14.0
05.09.2021 09:30:00,2021,9,5.0,IT,CH,12.0
05.09.2021 09:30:00,2021,9,5.0,IT,PL,24.0
05.09.2021 09:30:00,2021,9,5.0,IT,IT,67.0
05.09.2021 09:30:00,2021,9,5.0,IT,BE,12.0
05.09.2021 09:30:00,2021,9,5.0,IT,ES,35.0
05.09.2021 09:30:00,2021,9,5.0,BE,DE,81.0
05.09.2021 09:30:00,2021,9,5.0,BE,AT,25.0
05.09.2021 09:30:00,2021,9,5.0,BE,FR,83.0
05.09.2021 09:30:00,2021,9,5.0,BE,NL,59.0
05.09.2021 09:30:00,2021,9,5.0,BE,CZ,27.0
05.09.2021 09:30:00,2021,9,5.0,BE,CH,30.0
05.09.2021 09:30:00,2021,9,5.0,BE,PL,34.0
05.09.2021 09:30:00,2021,9,5.0,BE,IT,44.0
05.09.2021 09:30:00,2021,9,5.0,BE,BE,45.0
05.09.2021 09:30:00,2021,9,5.0,BE,ES,45.0
05.09.2021 09:30:00,2021,9,5.0,ES,DE,18.0
05.09.2021 09:30:00,2021,9,5.0,ES,AT,3.0
05.09.2021 09:30:00,2021,9,5.0,ES,FR,49.0
05.09.2021 09:30:00,2021,9,5.0,ES,NL,16.0
05.09.2021 09:30:00,2021,9,5.0,ES,CZ,2.0
05.09.2021 09:30:00,2021,9,5.0,ES,CH,3.0
05.09.2021 09:30:00,2021,9,5.0,ES,PL,5.0
05.09.2021 09:30:00,2021,9,5.0,ES,IT,33.0
05.09.2021 09:30:00,2021,9,5.0,ES,BE,8.0
05.09.2021 09:30:00,2021,9,5.0,ES,ES,20.0
06.09.2021 09:15:00,2021,9,6.0,DE,DE,85.0
06.09.2021 09:15:00,2021,9,6.0,DE,AT,51.0
06.09.2021 09:15:00,2021,9,6.0,DE,FR,69.0
06.09.2021 09:15:00,2021,9,6.0,DE,NL,48.0
06.09.2021 09:15:00,2021,9,6.0,DE,CZ,30.0
06.09.2021 09:15:00,2021,9,6.0,DE,CH,29.0
06.09.2021 09:15:00,2021,9,6.0,DE,PL,34.0
06.09.2021 09:15:00,2021,9,6.0,DE,IT,57.0
06.09.2021 09:15:00,2021,9,6.0,DE,BE,46.0
06.09.2021 09:15:00,2021,9,6.0,DE,ES,42.0
06.09.2021 09:15:00,2021,9,6.0,AT,DE,69.0
06.09.2021 09:15:00,2021,9,6.0,AT,AT,59.0
06.09.2021 09:15:00,2021,9,6.0,AT,FR,51.0
06.09.2021 09:15:00,2021,9,6.0,AT,NL,18.0
06.09.2021 09:15:00,2021,9,6.0,AT,CZ,42.0
06.09.2021 09:15:00,2021,9,6.0,AT,CH,29.0
06.09.2021 09:15:00,2021,9,6.0,AT,PL,27.0
06.09.2021 09:15:00,2021,9,6.0,AT,IT,78.0
06.09.2021 09:15:00,2021,9,6.0,AT,BE,12.0
06.09.2021 09:15:00,2021,9,6.0,AT,ES,26.0
06.09.2021 09:15:00,2021,9,6.0,FR,DE,58.0
06.09.2021 09:15:00,2021,9,6.0,FR,AT,12.0
06.09.2021 09:15:00,2021,9,6.0,FR,FR,86.0
06.09.2021 09:15:00,2021,9,6.0,FR,NL,38.0
06.09.2021 09:15:00,2021,9,6.0,FR,CZ,10.0
06.09.2021 09:15:00,2021,9,6.0,FR,CH,20.0
06.09.2021 09:15:00,2021,9,6.0,FR,PL,20.0
06.09.2021 09:15:00,2021,9,6.0,FR,IT,52.0
06.09.2021 09:15:00,2021,9,6.0,FR,BE,34.0
06.09.2021 09:15:00,2021,9,6.0,FR,ES,47.0
06.09.2021 09:15:00,2021,9,6.0,NL,DE,86.0
06.09.2021 09:15:00,2021,9,6.0,NL,AT,48.0
06.09.2021 09:15:00,2021,9,6.0,NL,FR,84.0
06.09.2021 09:15:00,2021,9,6.0,NL,NL,57.0
06.09.2021 09:15:00,2021,9,6.0,NL,CZ,42.0
06.09.2021 09:15:00,2021,9,6.0,NL,CH,33.0
06.09.2021 09:15:00,2021,9,6.0,NL,PL,36.0
06.09.2021 09:15:00,2021,9,6.0,NL,IT,63.0
06.09.2021 09:15:00,2021,9,6.0,NL,BE,55.0
06.09.2021 09:15:00,2021,9,6.0,NL,ES,62.0
06.09.2021 09:15:00,2021,9,6.0,CZ,DE,78.0
06.09.2021 09:15:00,2021,9,6.0,CZ,AT,61.0
06.09.2021 09:15:00,2021,9,6.0,CZ,FR,52.0
06.09.2021 09:15:00,2021,9,6.0,CZ,NL,30.0
06.09.2021 09:15:00,2021,9,6.0,CZ,CZ,69.0
06.09.2021 09:15:00,2021,9,6.0,CZ,CH,41.0
06.09.2021 09:15:00,2021,9,6.0,CZ,PL,48.0
06.09.2021 09:15:00,2021,9,6.0,CZ,IT,64.0
06.09.2021 09:15:00,2021,9,6.0,CZ,BE,33.0
06.09.2021 09:15:00,2021,9,6.0,CZ,ES,34.0
06.09.2021 09:15:00,2021,9,6.0,CH,DE,24.0
06.09.2021 09:15:00,2021,9,6.0,CH,AT,6.0
06.09.2021 09:15:00,2021,9,6.0,CH,FR,23.0
06.09.2021 09:15:00,2021,9,6.0,CH,NL,4.0
06.09.2021 09:15:00,2021,9,6.0,CH,CZ,2.0
06.09.2021 09:15:00,2021,9,6.0,CH,CH,2.0
06.09.2021 09:15:00,2021,9,6.0,CH,PL,6.0
06.09.2021 09:15:00,2021,9,6.0,CH,IT,14.0
06.09.2021 09:15:00,2021,9,6.0,CH,BE,5.0
06.09.2021 09:15:00,2021,9,6.0,CH,ES,7.0
06.09.2021 09:15:00,2021,9,6.0,PL,DE,79.0
06.09.2021 09:15:00,2021,9,6.0,PL,AT,63.0
06.09.2021 09:15:00,2021,9,6.0,PL,FR,76.0
06.09.2021 09:15:00,2021,9,6.0,PL,NL,56.0
06.09.2021 09:15:00,2021,9,6.0,PL,CZ,64.0
06.09.2021 09:15:00,2021,9,6.0,PL,CH,42.0
06.09.2021 09:15:00,2021,9,6.0,PL,PL,70.0
06.09.2021 09:15:00,2021,9,6.0,PL,IT,64.0
06.09.2021 09:15:00,2021,9,6.0,PL,BE,38.0
06.09.2021 09:15:00,2021,9,6.0,PL,ES,41.0
06.09.2021 09:15:00,2021,9,6.0,IT,DE,40.0
06.09.2021 09:15:00,2021,9,6.0,IT,AT,14.0
06.09.2021 09:15:00,2021,9,6.0,IT,FR,52.0
06.09.2021 09:30:00,2021,9,6.0,IT,NL,12.0
06.09.2021 09:30:00,2021,9,6.0,IT,CZ,10.0
06.09.2021 09:30:00,2021,9,6.0,IT,CH,10.0
06.09.2021 09:30:00,2021,9,6.0,IT,PL,19.0
06.09.2021 09:30:00,2021,9,6.0,IT,IT,64.0
06.09.2021 09:30:00,2021,9,6.0,IT,BE,11.0
06.09.2021 09:30:00,2021,9,6.0,IT,ES,30.0
06.09.2021 09:30:00,2021,9,6.0,BE,DE,81.0
06.09.2021 09:30:00,2021,9,6.0,BE,AT,22.0
06.09.2021 09:30:00,2021,9,6.0,BE,FR,82.0
06.09.2021 09:30:00,2021,9,6.0,BE,NL,59.0
06.09.2021 09:30:00,2021,9,6.0,BE,CZ,25.0
06.09.2021 09:30:00,2021,9,6.0,BE,CH,30.0
06.09.2021 09:30:00,2021,9,6.0,BE,PL,32.0
06.09.2021 09:30:00,2021,9,6.0,BE,IT,39.0
06.09.2021 09:30:00,2021,9,6.0,BE,BE,43.0
06.09.2021 09:30:00,2021,9,6.0,BE,ES,44.0
06.09.2021 09:30:00,2021,9,6.0,ES,DE,19.0
06.09.2021 09:30:00,2021,9,6.0,ES,AT,4.0
06.09.2021 09:30:00,2021,9,6.0,ES,FR,46.0
06.09.2021 09:30:00,2021,9,6.0,ES,NL,14.0
06.09.2021 09:30:00,2021,9,6.0,ES,CZ,3.0
06.09.2021 09:30:00,2021,9,6.0,ES,CH,3.0
06.09.2021 09:30:00,2021,9,6.0,ES,PL,5.0
06.09.2021 09:30:00,2021,9,6.0,ES,IT,31.0
06.09.2021 09:30:00,2021,9,6.0,ES,BE,6.0
06.09.2021 09:30:00,2021,9,6.0,ES,ES,15.0
07.09.2021 09:15:00,2021,9,7.0,DE,DE,85.0
07.09.2021 09:15:00,2021,9,7.0,DE,AT,50.0
07.09.2021 09:15:00,2021,9,7.0,DE,FR,70.0
07.09.2021 09:15:00,2021,9,7.0,DE,NL,48.0
07.09.2021 09:15:00,2021,9,7.0,DE,CZ,28.0
07.09.2021 09:15:00,2021,9,7.0,DE,CH,32.0
07.09.2021 09:15:00,2021,9,7.0,DE,PL,34.0
07.09.2021 09:15:00,2021,9,7.0,DE,IT,59.0
07.09.2021 09:15:00,2021,9,7.0,DE,BE,46.0
07.09.2021 09:15:00,2021,9,7.0,DE,ES,43.0
07.09.2021 09:15:00,2021,9,7.0,AT,DE,70.0
07.09.2021 09:15:00,2021,9,7.0,AT,AT,59.0
07.09.2021 09:15:00,2021,9,7.0,AT,FR,49.0
07.09.2021 09:15:00,2021,9,7.0,AT,NL,16.0
07.09.2021 09:15:00,2021,9,7.0,AT,CZ,44.0
07.09.2021 09:15:00,2021,9,7.0,AT,CH,34.0
07.09.2021 09:15:00,2021,9,7.0,AT,PL,29.0
07.09.2021 09:15:00,2021,9,7.0,AT,IT,79.0
07.09.2021 09:15:00,2021,9,7.0,AT,BE,16.0
07.09.2021 09:15:00,2021,9,7.0,AT,ES,28.0
07.09.2021 09:15:00,2021,9,7.0,FR,DE,57.0
07.09.2021 09:15:00,2021,9,7.0,FR,AT,13.0
07.09.2021 09:15:00,2021,9,7.0,FR,FR,87.0
07.09.2021 09:15:00,2021,9,7.0,FR,NL,38.0
07.09.2021 09:15:00,2021,9,7.0,FR,CZ,8.0
07.09.2021 09:15:00,2021,9,7.0,FR,CH,27.0
07.09.2021 09:15:00,2021,9,7.0,FR,PL,19.0
07.09.2021 09:15:00,2021,9,7.0,FR,IT,52.0
07.09.2021 09:15:00,2021,9,7.0,FR,BE,37.0
07.09.2021 09:15:00,2021,9,7.0,FR,ES,50.0
07.09.2021 09:15:00,2021,9,7.0,NL,DE,87.0
07.09.2021 09:15:00,2021,9,7.0,NL,AT,52.0
07.09.2021 09:15:00,2021,9,7.0,NL,FR,84.0
07.09.2021 09:15:00,2021,9,7.0,NL,NL,62.0
07.09.2021 09:15:00,2021,9,7.0,NL,CZ,39.0
07.09.2021 09:15:00,2021,9,7.0,NL,CH,35.0
07.09.2021 09:15:00,2021,9,7.0,NL,PL,44.0
07.09.2021 09:15:00,2021,9,7.0,NL,IT,65.0
07.09.2021 09:15:00,2021,9,7.0,NL,BE,61.0
07.09.2021 09:15:00,2021,9,7.0,NL,ES,62.0
07.09.2021 09:15:00,2021,9,7.0,CZ,DE,77.0
07.09.2021 09:15:00,2021,9,7.0,CZ,AT,59.0
07.09.2021 09:15:00,2021,9,7.0,CZ,FR,54.0
07.09.2021 09:15:00,2021,9,7.0,CZ,NL,29.0
07.09.2021 09:15:00,2021,9,7.0,CZ,CZ,68.0
07.09.2021 09:15:00,2021,9,7.0,CZ,CH,48.0
07.09.2021 09:15:00,2021,9,7.0,CZ,PL,41.0
07.09.2021 09:15:00,2021,9,7.0,CZ,IT,64.0
07.09.2021 09:15:00,2021,9,7.0,CZ,BE,36.0
07.09.2021 09:15:00,2021,9,7.0,CZ,ES,38.0
07.09.2021 09:15:00,2021,9,7.0,CH,DE,22.0
07.09.2021 09:15:00,2021,9,7.0,CH,AT,9.0
07.09.2021 09:15:00,2021,9,7.0,CH,FR,24.0
07.09.2021 09:15:00,2021,9,7.0,CH,NL,4.0
07.09.2021 09:15:00,2021,9,7.0,CH,CZ,2.0
07.09.2021 09:15:00,2021,9,7.0,CH,CH,2.0
07.09.2021 09:15:00,2021,9,7.0,CH,PL,6.0
07.09.2021 09:15:00,2021,9,7.0,CH,IT,13.0
07.09.2021 09:15:00,2021,9,7.0,CH,BE,5.0
07.09.2021 09:15:00,2021,9,7.0,CH,ES,6.0
07.09.2021 09:15:00,2021,9,7.0,PL,DE,83.0
07.09.2021 09:15:00,2021,9,7.0,PL,AT,65.0
07.09.2021 09:15:00,2021,9,7.0,PL,FR,81.0
07.09.2021 09:15:00,2021,9,7.0,PL,NL,59.0
07.09.2021 09:15:00,2021,9,7.0,PL,CZ,66.0
07.09.2021 09:15:00,2021,9,7.0,PL,CH,47.0
07.09.2021 09:15:00,2021,9,7.0,PL,PL,80.0
07.09.2021 09:15:00,2021,9,7.0,PL,IT,64.0
07.09.2021 09:15:00,2021,9,7.0,PL,BE,51.0
07.09.2021 09:15:00,2021,9,7.0,PL,ES,44.0
07.09.2021 09:15:00,2021,9,7.0,IT,DE,39.0
07.09.2021 09:15:00,2021,9,7.0,IT,AT,14.0
07.09.2021 09:15:00,2021,9,7.0,IT,FR,56.0
07.09.2021 09:15:00,2021,9,7.0,IT,NL,10.0
07.09.2021 09:15:00,2021,9,7.0,IT,CZ,10.0
07.09.2021 09:15:00,2021,9,7.0,IT,CH,11.0
07.09.2021 09:15:00,2021,9,7.0,IT,PL,20.0
07.09.2021 09:15:00,2021,9,7.0,IT,IT,70.0
07.09.2021 09:15:00,2021,9,7.0,IT,BE,11.0
07.09.2021 09:30:00,2021,9,7.0,IT,ES,34.0
07.09.2021 09:30:00,2021,9,7.0,BE,DE,82.0
07.09.2021 09:30:00,2021,9,7.0,BE,AT,31.0
07.09.2021 09:30:00,2021,9,7.0,BE,FR,85.0
07.09.2021 09:30:00,2021,9,7.0,BE,NL,64.0
07.09.2021 09:30:00,2021,9,7.0,BE,CZ,19.0
07.09.2021 09:30:00,2021,9,7.0,BE,CH,29.0
07.09.2021 09:30:00,2021,9,7.0,BE,PL,34.0
07.09.2021 09:30:00,2021,9,7.0,BE,IT,49.0
07.09.2021 09:30:00,2021,9,7.0,BE,BE,43.0
07.09.2021 09:30:00,2021,9,7.0,BE,ES,47.0
07.09.2021 09:30:00,2021,9,7.0,ES,DE,23.0
07.09.2021 09:30:00,2021,9,7.0,ES,AT,5.0
07.09.2021 09:30:00,2021,9,7.0,ES,FR,52.0
07.09.2021 09:30:00,2021,9,7.0,ES,NL,14.0
07.09.2021 09:30:00,2021,9,7.0,ES,CZ,2.0
07.09.2021 09:30:00,2021,9,7.0,ES,CH,5.0
07.09.2021 09:30:00,2021,9,7.0,ES,PL,7.0
07.09.2021 09:30:00,2021,9,7.0,ES,IT,32.0
07.09.2021 09:30:00,2021,9,7.0,ES,BE,8.0
07.09.2021 09:30:00,2021,9,7.0,ES,ES,18.0
08.09.2021 09:15:00,2021,9,8.0,DE,DE,84.0
08.09.2021 09:15:00,2021,9,8.0,DE,AT,49.0
08.09.2021 09:15:00,2021,9,8.0,DE,FR,70.0
08.09.2021 09:15:00,2021,9,8.0,DE,NL,48.0
08.09.2021 09:15:00,2021,9,8.0,DE,CZ,27.0
08.09.2021 09:15:00,2021,9,8.0,DE,CH,36.0
08.09.2021 09:15:00,2021,9,8.0,DE,PL,28.0
08.09.2021 09:15:00,2021,9,8.0,DE,IT,60.0
08.09.2021 09:15:00,2021,9,8.0,DE,BE,46.0
08.09.2021 09:15:00,2021,9,8.0,DE,ES,44.0
08.09.2021 09:15:00,2021,9,8.0,AT,DE,69.0
08.09.2021 09:15:00,2021,9,8.0,AT,AT,63.0
08.09.2021 09:15:00,2021,9,8.0,AT,FR,51.0
08.09.2021 09:15:00,2021,9,8.0,AT,NL,18.0
08.09.2021 09:15:00,2021,9,8.0,AT,CZ,43.0
08.09.2021 09:15:00,2021,9,8.0,AT,CH,36.0
08.09.2021 09:15:00,2021,9,8.0,AT,PL,22.0
08.09.2021 09:15:00,2021,9,8.0,AT,IT,81.0
08.09.2021 09:15:00,2021,9,8.0,AT,BE,18.0
08.09.2021 09:15:00,2021,9,8.0,AT,ES,32.0
08.09.2021 09:15:00,2021,9,8.0,FR,DE,58.0
08.09.2021 09:15:00,2021,9,8.0,FR,AT,10.0
08.09.2021 09:15:00,2021,9,8.0,FR,FR,88.0
08.09.2021 09:15:00,2021,9,8.0,FR,NL,40.0
08.09.2021 09:15:00,2021,9,8.0,FR,CZ,8.0
08.09.2021 09:15:00,2021,9,8.0,FR,CH,25.0
08.09.2021 09:15:00,2021,9,8.0,FR,PL,19.0
08.09.2021 09:15:00,2021,9,8.0,FR,IT,55.0
08.09.2021 09:15:00,2021,9,8.0,FR,BE,37.0
08.09.2021 09:15:00,2021,9,8.0,FR,ES,53.0
08.09.2021 09:15:00,2021,9,8.0,NL,DE,86.0
08.09.2021 09:15:00,2021,9,8.0,NL,AT,48.0
08.09.2021 09:15:00,2021,9,8.0,NL,FR,84.0
08.09.2021 09:15:00,2021,9,8.0,NL,NL,66.0
08.09.2021 09:15:00,2021,9,8.0,NL,CZ,37.0
08.09.2021 09:15:00,2021,9,8.0,NL,CH,38.0
08.09.2021 09:15:00,2021,9,8.0,NL,PL,26.0
08.09.2021 09:15:00,2021,9,8.0,NL,IT,66.0
08.09.2021 09:15:00,2021,9,8.0,NL,BE,60.0
08.09.2021 09:15:00,2021,9,8.0,NL,ES,62.0
08.09.2021 09:15:00,2021,9,8.0,CZ,DE,80.0
08.09.2021 09:15:00,2021,9,8.0,CZ,AT,63.0
08.09.2021 09:15:00,2021,9,8.0,CZ,FR,62.0
08.09.2021 09:15:00,2021,9,8.0,CZ,NL,35.0
08.09.2021 09:15:00,2021,9,8.0,CZ,CZ,67.0
08.09.2021 09:15:00,2021,9,8.0,CZ,CH,47.0
08.09.2021 09:15:00,2021,9,8.0,CZ,PL,42.0
08.09.2021 09:15:00,2021,9,8.0,CZ,IT,68.0
08.09.2021 09:15:00,2021,9,8.0,CZ,BE,46.0
08.09.2021 09:15:00,2021,9,8.0,CZ,ES,48.0
08.09.2021 09:15:00,2021,9,8.0,CH,DE,17.0
08.09.2021 09:15:00,2021,9,8.0,CH,AT,6.0
08.09.2021 09:15:00,2021,9,8.0,CH,FR,23.0
08.09.2021 09:15:00,2021,9,8.0,CH,NL,5.0
08.09.2021 09:15:00,2021,9,8.0,CH,CZ,2.0
08.09.2021 09:15:00,2021,9,8.0,CH,CH,2.0
08.09.2021 09:15:00,2021,9,8.0,CH,PL,4.0
08.09.2021 09:15:00,2021,9,8.0,CH,IT,16.0
08.09.2021 09:15:00,2021,9,8.0,CH,BE,5.0
08.09.2021 09:15:00,2021,9,8.0,CH,ES,7.0
08.09.2021 09:15:00,2021,9,8.0,PL,DE,83.0
08.09.2021 09:15:00,2021,9,8.0,PL,AT,71.0
08.09.2021 09:15:00,2021,9,8.0,PL,FR,82.0
08.09.2021 09:15:00,2021,9,8.0,PL,NL,61.0
08.09.2021 09:15:00,2021,9,8.0,PL,CZ,69.0
08.09.2021 09:15:00,2021,9,8.0,PL,CH,51.0
08.09.2021 09:15:00,2021,9,8.0,PL,PL,79.0
08.09.2021 09:15:00,2021,9,8.0,PL,IT,69.0
08.09.2021 09:15:00,2021,9,8.0,PL,BE,52.0
08.09.2021 09:15:00,2021,9,8.0,PL,ES,48.0
08.09.2021 09:15:00,2021,9,8.0,IT,DE,43.0
08.09.2021 09:15:00,2021,9,8.0,IT,AT,14.0
08.09.2021 09:15:00,2021,9,8.0,IT,FR,58.0
08.09.2021 09:15:00,2021,9,8.0,IT,NL,11.0
08.09.2021 09:15:00,2021,9,8.0,IT,CZ,11.0
08.09.2021 09:15:00,2021,9,8.0,IT,CH,12.0
08.09.2021 09:15:00,2021,9,8.0,IT,PL,19.0
08.09.2021 09:15:00,2021,9,8.0,IT,IT,69.0
08.09.2021 09:15:00,2021,9,8.0,IT,BE,14.0
08.09.2021 09:15:00,2021,9,8.0,IT,ES,37.0
08.09.2021 09:15:00,2021,9,8.0,BE,DE,83.0
08.09.2021 09:15:00,2021,9,8.0,BE,AT,28.0
08.09.2021 09:15:00,2021,9,8.0,BE,FR,85.0
08.09.2021 09:15:00,2021,9,8.0,BE,NL,66.0
08.09.2021 09:30:00,2021,9,8.0,BE,CZ,25.0
08.09.2021 09:30:00,2021,9,8.0,BE,CH,30.0
08.09.2021 09:30:00,2021,9,8.0,BE,PL,20.0
08.09.2021 09:30:00,2021,9,8.0,BE,IT,50.0
08.09.2021 09:30:00,2021,9,8.0,BE,BE,47.0
08.09.2021 09:30:00,2021,9,8.0,BE,ES,49.0
08.09.2021 09:30:00,2021,9,8.0,ES,DE,19.0
08.09.2021 09:30:00,2021,9,8.0,ES,AT,4.0
08.09.2021 09:30:00,2021,9,8.0,ES,FR,57.0
08.09.2021 09:30:00,2021,9,8.0,ES,NL,14.0
08.09.2021 09:30:00,2021,9,8.0,ES,CZ,2.0
08.09.2021 09:30:00,2021,9,8.0,ES,CH,4.0
08.09.2021 09:30:00,2021,9,8.0,ES,PL,6.0
08.09.2021 09:30:00,2021,9,8.0,ES,IT,34.0
08.09.2021 09:30:00,2021,9,8.0,ES,BE,6.0
08.09.2021 09:30:00,2021,9,8.0,ES,ES,23.0
09.09.2021 09:15:00,2021,9,9.0,DE,DE,84.0
09.09.2021 09:15:00,2021,9,9.0,DE,AT,50.0
09.09.2021 09:15:00,2021,9,9.0,DE,FR,71.0
09.09.2021 09:15:00,2021,9,9.0,DE,NL,53.0
09.09.2021 09:15:00,2021,9,9.0,DE,CZ,28.0
09.09.2021 09:15:00,2021,9,9.0,DE,CH,34.0
09.09.2021 09:15:00,2021,9,9.0,DE,PL,24.0
09.09.2021 09:15:00,2021,9,9.0,DE,IT,60.0
09.09.2021 09:15:00,2021,9,9.0,DE,BE,51.0
09.09.2021 09:15:00,2021,9,9.0,DE,ES,46.0
09.09.2021 09:15:00,2021,9,9.0,AT,DE,74.0
09.09.2021 09:15:00,2021,9,9.0,AT,AT,61.0
09.09.2021 09:15:00,2021,9,9.0,AT,FR,57.0
09.09.2021 09:15:00,2021,9,9.0,AT,NL,22.0
09.09.2021 09:15:00,2021,9,9.0,AT,CZ,42.0
09.09.2021 09:15:00,2021,9,9.0,AT,CH,39.0
09.09.2021 09:15:00,2021,9,9.0,AT,PL,25.0
09.09.2021 09:15:00,2021,9,9.0,AT,IT,84.0
09.09.2021 09:15:00,2021,9,9.0,AT,BE,20.0
09.09.2021 09:15:00,2021,9,9.0,AT,ES,37.0
09.09.2021 09:15:00,2021,9,9.0,FR,DE,55.0
09.09.2021 09:15:00,2021,9,9.0,FR,AT,11.0
09.09.2021 09:15:00,2021,9,9.0,FR,FR,86.0
09.09.2021 09:15:00,2021,9,9.0,FR,NL,35.0
09.09.2021 09:15:00,2021,9,9.0,FR,CZ,9.0
09.09.2021 09:15:00,2021,9,9.0,FR,CH,19.0
09.09.2021 09:15:00,2021,9,9.0,FR,PL,15.0
09.09.2021 09:15:00,2021,9,9.0,FR,IT,55.0
09.09.2021 09:15:00,2021,9,9.0,FR,BE,35.0
09.09.2021 09:15:00,2021,9,9.0,FR,ES,47.0
09.09.2021 09:15:00,2021,9,9.0,NL,DE,86.0
09.09.2021 09:15:00,2021,9,9.0,NL,AT,45.0
09.09.2021 09:15:00,2021,9,9.0,NL,FR,84.0
09.09.2021 09:15:00,2021,9,9.0,NL,NL,65.0
09.09.2021 09:15:00,2021,9,9.0,NL,CZ,40.0
09.09.2021 09:15:00,2021,9,9.0,NL,CH,34.0
09.09.2021 09:15:00,2021,9,9.0,NL,PL,34.0
09.09.2021 09:15:00,2021,9,9.0,NL,IT,66.0
09.09.2021 09:15:00,2021,9,9.0,NL,BE,57.0
09.09.2021 09:15:00,2021,9,9.0,NL,ES,68.0
09.09.2021 09:15:00,2021,9,9.0,CZ,DE,83.0
09.09.2021 09:15:00,2021,9,9.0,CZ,AT,69.0
09.09.2021 09:15:00,2021,9,9.0,CZ,FR,70.0
09.09.2021 09:15:00,2021,9,9.0,CZ,NL,39.0
09.09.2021 09:15:00,2021,9,9.0,CZ,CZ,70.0
09.09.2021 09:15:00,2021,9,9.0,CZ,CH,59.0
09.09.2021 09:15:00,2021,9,9.0,CZ,PL,40.0
09.09.2021 09:15:00,2021,9,9.0,CZ,IT,72.0
09.09.2021 09:15:00,2021,9,9.0,CZ,BE,47.0
09.09.2021 09:15:00,2021,9,9.0,CZ,ES,51.0
09.09.2021 09:15:00,2021,9,9.0,CH,DE,19.0
09.09.2021 09:15:00,2021,9,9.0,CH,AT,5.0
09.09.2021 09:15:00,2021,9,9.0,CH,FR,25.0
09.09.2021 09:15:00,2021,9,9.0,CH,NL,8.0
09.09.2021 09:15:00,2021,9,9.0,CH,CZ,3.0
09.09.2021 09:15:00,2021,9,9.0,CH,CH,2.0
09.09.2021 09:15:00,2021,9,9.0,CH,PL,5.0
09.09.2021 09:15:00,2021,9,9.0,CH,IT,16.0
09.09.2021 09:15:00,2021,9,9.0,CH,BE,4.0
09.09.2021 09:15:00,2021,9,9.0,CH,ES,7.0
09.09.2021 09:15:00,2021,9,9.0,PL,DE,83.0
09.09.2021 09:15:00,2021,9,9.0,PL,AT,70.0
09.09.2021 09:15:00,2021,9,9.0,PL,FR,82.0
09.09.2021 09:15:00,2021,9,9.0,PL,NL,59.0
09.09.2021 09:15:00,2021,9,9.0,PL,CZ,69.0
09.09.2021 09:15:00,2021,9,9.0,PL,CH,50.0
09.09.2021 09:15:00,2021,9,9.0,PL,PL,71.0
09.09.2021 09:15:00,2021,9,9.0,PL,IT,67.0
09.09.2021 09:15:00,2021,9,9.0,PL,BE,52.0
09.09.2021 09:15:00,2021,9,9.0,PL,ES,56.0
09.09.2021 09:15:00,2021,9,9.0,IT,DE,48.0
09.09.2021 09:15:00,2021,9,9.0,IT,AT,15.0
09.09.2021 09:15:00,2021,9,9.0,IT,FR,60.0
09.09.2021 09:15:00,2021,9,9.0,IT,NL,12.0
09.09.2021 09:15:00,2021,9,9.0,IT,CZ,14.0
09.09.2021 09:15:00,2021,9,9.0,IT,CH,13.0
09.09.2021 09:15:00,2021,9,9.0,IT,PL,24.0
09.09.2021 09:15:00,2021,9,9.0,IT,IT,71.0
09.09.2021 09:30:00,2021,9,9.0,IT,BE,14.0
09.09.2021 09:30:00,2021,9,9.0,IT,ES,41.0
09.09.2021 09:30:00,2021,9,9.0,BE,DE,81.0
09.09.2021 09:30:00,2021,9,9.0,BE,AT,26.0
09.09.2021 09:30:00,2021,9,9.0,BE,FR,83.0
09.09.2021 09:30:00,2021,9,9.0,BE,NL,62.0
09.09.2021 09:30:00,2021,9,9.0,BE,CZ,24.0
09.09.2021 09:30:00,2021,9,9.0,BE,CH,24.0
09.09.2021 09:30:00,2021,9,9.0,BE,PL,23.0
09.09.2021 09:30:00,2021,9,9.0,BE,IT,49.0
09.09.2021 09:30:00,2021,9,9.0,BE,BE,42.0
09.09.2021 09:30:00,2021,9,9.0,BE,ES,50.0
09.09.2021 09:30:00,2021,9,9.0,ES,DE,22.0
09.09.2021 09:30:00,2021,9,9.0,ES,AT,3.0
09.09.2021 09:30:00,2021,9,9.0,ES,FR,53.0
09.09.2021 09:30:00,2021,9,9.0,ES,NL,12.0
09.09.2021 09:30:00,2021,9,9.0,ES,CZ,2.0
09.09.2021 09:30:00,2021,9,9.0,ES,CH,5.0
09.09.2021 09:30:00,2021,9,9.0,ES,PL,8.0
09.09.2021 09:30:00,2021,9,9.0,ES,IT,31.0
09.09.2021 09:30:00,2021,9,9.0,ES,BE,8.0
09.09.2021 09:30:00,2021,9,9.0,ES,ES,19.0
10.09.2021 09:15:00,2021,9,10.0,DE,DE,86.0
10.09.2021 09:15:00,2021,9,10.0,DE,AT,54.0
10.09.2021 09:15:00,2021,9,10.0,DE,FR,70.0
10.09.2021 09:15:00,2021,9,10.0,DE,NL,53.0
10.09.2021 09:15:00,2021,9,10.0,DE,CZ,33.0
10.09.2021 09:15:00,2021,9,10.0,DE,CH,32.0
10.09.2021 09:15:00,2021,9,10.0,DE,PL,32.0
10.09.2021 09:15:00,2021,9,10.0,DE,IT,56.0
10.09.2021 09:15:00,2021,9,10.0,DE,BE,51.0
10.09.2021 09:15:00,2021,9,10.0,DE,ES,44.0
10.09.2021 09:15:00,2021,9,10.0,AT,DE,74.0
10.09.2021 09:15:00,2021,9,10.0,AT,AT,62.0
10.09.2021 09:15:00,2021,9,10.0,AT,FR,56.0
10.09.2021 09:15:00,2021,9,10.0,AT,NL,18.0
10.09.2021 09:15:00,2021,9,10.0,AT,CZ,43.0
10.09.2021 09:15:00,2021,9,10.0,AT,CH,38.0
10.09.2021 09:15:00,2021,9,10.0,AT,PL,30.0
10.09.2021 09:15:00,2021,9,10.0,AT,IT,83.0
10.09.2021 09:15:00,2021,9,10.0,AT,BE,16.0
10.09.2021 09:15:00,2021,9,10.0,AT,ES,38.0
10.09.2021 09:15:00,2021,9,10.0,FR,DE,59.0
10.09.2021 09:15:00,2021,9,10.0,FR,AT,12.0
10.09.2021 09:15:00,2021,9,10.0,FR,FR,87.0
10.09.2021 09:15:00,2021,9,10.0,FR,NL,39.0
10.09.2021 09:15:00,2021,9,10.0,FR,CZ,11.0
10.09.2021 09:15:00,2021,9,10.0,FR,CH,21.0
10.09.2021 09:15:00,2021,9,10.0,FR,PL,18.0
10.09.2021 09:15:00,2021,9,10.0,FR,IT,53.0
10.09.2021 09:15:00,2021,9,10.0,FR,BE,39.0
10.09.2021 09:15:00,2021,9,10.0,FR,ES,49.0
10.09.2021 09:15:00,2021,9,10.0,NL,DE,85.0
10.09.2021 09:15:00,2021,9,10.0,NL,AT,51.0
10.09.2021 09:15:00,2021,9,10.0,NL,FR,84.0
10.09.2021 09:15:00,2021,9,10.0,NL,NL,64.0
10.09.2021 09:15:00,2021,9,10.0,NL,CZ,46.0
10.09.2021 09:15:00,2021,9,10.0,NL,CH,41.0
10.09.2021 09:15:00,2021,9,10.0,NL,PL,45.0
10.09.2021 09:15:00,2021,9,10.0,NL,IT,67.0
10.09.2021 09:15:00,2021,9,10.0,NL,BE,56.0
10.09.2021 09:15:00,2021,9,10.0,NL,ES,63.0
10.09.2021 09:15:00,2021,9,10.0,CZ,DE,81.0
10.09.2021 09:15:00,2021,9,10.0,CZ,AT,68.0
10.09.2021 09:15:00,2021,9,10.0,CZ,FR,69.0
10.09.2021 09:15:00,2021,9,10.0,CZ,NL,44.0
10.09.2021 09:15:00,2021,9,10.0,CZ,CZ,66.0
10.09.2021 09:15:00,2021,9,10.0,CZ,CH,52.0
10.09.2021 09:15:00,2021,9,10.0,CZ,PL,51.0
10.09.2021 09:15:00,2021,9,10.0,CZ,IT,70.0
10.09.2021 09:15:00,2021,9,10.0,CZ,BE,44.0
10.09.2021 09:15:00,2021,9,10.0,CZ,ES,53.0
10.09.2021 09:15:00,2021,9,10.0,CH,DE,20.0
10.09.2021 09:15:00,2021,9,10.0,CH,AT,5.0
10.09.2021 09:15:00,2021,9,10.0,CH,FR,17.0
10.09.2021 09:15:00,2021,9,10.0,CH,NL,7.0
10.09.2021 09:15:00,2021,9,10.0,CH,CZ,4.0
10.09.2021 09:15:00,2021,9,10.0,CH,CH,2.0
10.09.2021 09:15:00,2021,9,10.0,CH,PL,6.0
10.09.2021 09:15:00,2021,9,10.0,CH,IT,15.0
10.09.2021 09:15:00,2021,9,10.0,CH,BE,5.0
10.09.2021 09:15:00,2021,9,10.0,CH,ES,6.0
10.09.2021 09:15:00,2021,9,10.0,PL,DE,81.0
10.09.2021 09:15:00,2021,9,10.0,PL,AT,64.0
10.09.2021 09:15:00,2021,9,10.0,PL,FR,77.0
10.09.2021 09:15:00,2021,9,10.0,PL,NL,53.0
10.09.2021 09:15:00,2021,9,10.0,PL,CZ,64.0
10.09.2021 09:15:00,2021,9,10.0,PL,CH,56.0
10.09.2021 09:15:00,2021,9,10.0,PL,PL,66.0
10.09.2021 09:15:00,2021,9,10.0,PL,IT,61.0
10.09.2021 09:15:00,2021,9,10.0,PL,BE,37.0
10.09.2021 09:15:00,2021,9,10.0,PL,ES,58.0
10.09.2021 09:15:00,2021,9,10.0,IT,DE,50.0
10.09.2021 09:15:00,2021,9,10.0,IT,AT,20.0
10.09.2021 09:15:00,2021,9,10.0,IT,FR,60.0
10.09.2021 09:15:00,2021,9,10.0,IT,NL,13.0
10.09.2021 09:15:00,2021,9,10.0,IT,CZ,18.0
10.09.2021 09:15:00,2021,9,10.0,IT,CH,12.0
10.09.2021 09:15:00,2021,9,10.0,IT,PL,26.0
10.09.2021 09:15:00,2021,9,10.0,IT,IT,73.0
10.09.2021 09:15:00,2021,9,10.0,IT,BE,16.0
10.09.2021 09:15:00,2021,9,10.0,IT,ES,47.0
10.09.2021 09:15:00,2021,9,10.0,BE,DE,83.0
10.09.2021 09:15:00,2021,9,10.0,BE,AT,32.0
10.09.2021 09:30:00,2021,9,10.0,BE,FR,83.0
10.09.2021 09:30:00,2021,9,10.0,BE,NL,60.0
10.09.2021 09:30:00,2021,9,10.0,BE,CZ,32.0
10.09.2021 09:30:00,2021,9,10.0,BE,CH,32.0
10.09.2021 09:30:00,2021,9,10.0,BE,PL,37.0
10.09.2021 09:30:00,2021,9,10.0,BE,IT,47.0
10.09.2021 09:30:00,2021,9,10.0,BE,BE,42.0
10.09.2021 09:30:00,2021,9,10.0,BE,ES,46.0
10.09.2021 09:30:00,2021,9,10.0,ES,DE,18.0
10.09.2021 09:30:00,2021,9,10.0,ES,AT,4.0
10.09.2021 09:30:00,2021,9,10.0,ES,FR,53.0
10.09.2021 09:30:00,2021,9,10.0,ES,NL,13.0
10.09.2021 09:30:00,2021,9,10.0,ES,CZ,2.0
10.09.2021 09:30:00,2021,9,10.0,ES,CH,5.0
10.09.2021 09:30:00,2021,9,10.0,ES,PL,6.0
10.09.2021 09:30:00,2021,9,10.0,ES,IT,29.0
10.09.2021 09:30:00,2021,9,10.0,ES,BE,8.0
10.09.2021 09:30:00,2021,9,10.0,ES,ES,21.0
11.09.2021 09:15:00,2021,9,11.0,DE,DE,85.0
11.09.2021 09:15:00,2021,9,11.0,DE,AT,49.0
11.09.2021 09:15:00,2021,9,11.0,DE,FR,68.0
11.09.2021 09:15:00,2021,9,11.0,DE,NL,50.0
11.09.2021 09:15:00,2021,9,11.0,DE,CZ,30.0
11.09.2021 09:15:00,2021,9,11.0,DE,CH,31.0
11.09.2021 09:15:00,2021,9,11.0,DE,PL,34.0
11.09.2021 09:15:00,2021,9,11.0,DE,IT,53.0
11.09.2021 09:15:00,2021,9,11.0,DE,BE,50.0
11.09.2021 09:15:00,2021,9,11.0,DE,ES,40.0
11.09.2021 09:15:00,2021,9,11.0,AT,DE,68.0
11.09.2021 09:15:00,2021,9,11.0,AT,AT,59.0
11.09.2021 09:15:00,2021,9,11.0,AT,FR,53.0
11.09.2021 09:15:00,2021,9,11.0,AT,NL,18.0
11.09.2021 09:15:00,2021,9,11.0,AT,CZ,39.0
11.09.2021 09:15:00,2021,9,11.0,AT,CH,32.0
11.09.2021 09:15:00,2021,9,11.0,AT,PL,28.0
11.09.2021 09:15:00,2021,9,11.0,AT,IT,79.0
11.09.2021 09:15:00,2021,9,11.0,AT,BE,16.0
11.09.2021 09:15:00,2021,9,11.0,AT,ES,30.0
11.09.2021 09:15:00,2021,9,11.0,FR,DE,58.0
11.09.2021 09:15:00,2021,9,11.0,FR,AT,11.0
11.09.2021 09:15:00,2021,9,11.0,FR,FR,89.0
11.09.2021 09:15:00,2021,9,11.0,FR,NL,40.0
11.09.2021 09:15:00,2021,9,11.0,FR,CZ,10.0
11.09.2021 09:15:00,2021,9,11.0,FR,CH,23.0
11.09.2021 09:15:00,2021,9,11.0,FR,PL,19.0
11.09.2021 09:15:00,2021,9,11.0,FR,IT,56.0
11.09.2021 09:15:00,2021,9,11.0,FR,BE,43.0
11.09.2021 09:15:00,2021,9,11.0,FR,ES,51.0
11.09.2021 09:15:00,2021,9,11.0,NL,DE,87.0
11.09.2021 09:15:00,2021,9,11.0,NL,AT,48.0
11.09.2021 09:15:00,2021,9,11.0,NL,FR,85.0
11.09.2021 09:15:00,2021,9,11.0,NL,NL,65.0
11.09.2021 09:15:00,2021,9,11.0,NL,CZ,44.0
11.09.2021 09:15:00,2021,9,11.0,NL,CH,39.0
11.09.2021 09:15:00,2021,9,11.0,NL,PL,40.0
11.09.2021 09:15:00,2021,9,11.0,NL,IT,64.0
11.09.2021 09:15:00,2021,9,11.0,NL,BE,59.0
11.09.2021 09:15:00,2021,9,11.0,NL,ES,63.0
11.09.2021 09:15:00,2021,9,11.0,CZ,DE,80.0
11.09.2021 09:15:00,2021,9,11.0,CZ,AT,64.0
11.09.2021 09:15:00,2021,9,11.0,CZ,FR,66.0
11.09.2021 09:15:00,2021,9,11.0,CZ,NL,37.0
11.09.2021 09:15:00,2021,9,11.0,CZ,CZ,62.0
11.09.2021 09:15:00,2021,9,11.0,CZ,CH,40.0
11.09.2021 09:15:00,2021,9,11.0,CZ,PL,53.0
11.09.2021 09:15:00,2021,9,11.0,CZ,IT,68.0
11.09.2021 09:15:00,2021,9,11.0,CZ,BE,36.0
11.09.2021 09:15:00,2021,9,11.0,CZ,ES,45.0
11.09.2021 09:15:00,2021,9,11.0,CH,DE,24.0
11.09.2021 09:15:00,2021,9,11.0,CH,AT,4.0
11.09.2021 09:15:00,2021,9,11.0,CH,FR,25.0
11.09.2021 09:15:00,2021,9,11.0,CH,NL,4.0
11.09.2021 09:15:00,2021,9,11.0,CH,CZ,4.0
11.09.2021 09:15:00,2021,9,11.0,CH,CH,4.0
11.09.2021 09:15:00,2021,9,11.0,CH,PL,6.0
11.09.2021 09:15:00,2021,9,11.0,CH,IT,12.0
11.09.2021 09:15:00,2021,9,11.0,CH,BE,4.0
11.09.2021 09:15:00,2021,9,11.0,CH,ES,5.0
11.09.2021 09:15:00,2021,9,11.0,PL,DE,79.0
11.09.2021 09:15:00,2021,9,11.0,PL,AT,60.0
11.09.2021 09:15:00,2021,9,11.0,PL,FR,75.0
11.09.2021 09:15:00,2021,9,11.0,PL,NL,55.0
11.09.2021 09:15:00,2021,9,11.0,PL,CZ,61.0
11.09.2021 09:15:00,2021,9,11.0,PL,CH,56.0
11.09.2021 09:15:00,2021,9,11.0,PL,PL,63.0
11.09.2021 09:15:00,2021,9,11.0,PL,IT,56.0
11.09.2021 09:15:00,2021,9,11.0,PL,BE,38.0
11.09.2021 09:15:00,2021,9,11.0,PL,ES,56.0
11.09.2021 09:15:00,2021,9,11.0,IT,DE,50.0
11.09.2021 09:15:00,2021,9,11.0,IT,AT,21.0
11.09.2021 09:15:00,2021,9,11.0,IT,FR,62.0
11.09.2021 09:15:00,2021,9,11.0,IT,NL,15.0
11.09.2021 09:15:00,2021,9,11.0,IT,CZ,19.0
11.09.2021 09:15:00,2021,9,11.0,IT,CH,13.0
11.09.2021 09:15:00,2021,9,11.0,IT,PL,24.0
11.09.2021 09:15:00,2021,9,11.0,IT,IT,72.0
11.09.2021 09:15:00,2021,9,11.0,IT,BE,14.0
11.09.2021 09:15:00,2021,9,11.0,IT,ES,45.0
11.09.2021 09:15:00,2021,9,11.0,BE,DE,85.0
11.09.2021 09:15:00,2021,9,11.0,BE,AT,31.0
11.09.2021 09:30:00,2021,9,11.0,BE,FR,85.0
11.09.2021 09:30:00,2021,9,11.0,BE,NL,67.0
11.09.2021 09:30:00,2021,9,11.0,BE,CZ,31.0
11.09.2021 09:30:00,2021,9,11.0,BE,CH,35.0
11.09.2021 09:30:00,2021,9,11.0,BE,PL,30.0
11.09.2021 09:30:00,2021,9,11.0,BE,IT,49.0
11.09.2021 09:30:00,2021,9,11.0,BE,BE,45.0
11.09.2021 09:30:00,2021,9,11.0,BE,ES,48.0
11.09.2021 09:30:00,2021,9,11.0,ES,DE,12.0
11.09.2021 09:30:00,2021,9,11.0,ES,AT,4.0
11.09.2021 09:30:00,2021,9,11.0,ES,FR,48.0
11.09.2021 09:30:00,2021,9,11.0,ES,NL,11.0
11.09.2021 09:30:00,2021,9,11.0,ES,CZ,2.0
11.09.2021 09:30:00,2021,9,11.0,ES,CH,5.0
11.09.2021 09:30:00,2021,9,11.0,ES,PL,7.0
11.09.2021 09:30:00,2021,9,11.0,ES,IT,28.0
11.09.2021 09:30:00,2021,9,11.0,ES,BE,4.0
11.09.2021 09:30:00,2021,9,11.0,ES,ES,17.0
12.09.2021 09:15:00,2021,9,12.0,DE,DE,85.0
12.09.2021 09:15:00,2021,9,12.0,DE,AT,49.0
12.09.2021 09:15:00,2021,9,12.0,DE,FR,68.0
12.09.2021 09:15:00,2021,9,12.0,DE,NL,51.0
12.09.2021 09:15:00,2021,9,12.0,DE,CZ,31.0
12.09.2021 09:15:00,2021,9,12.0,DE,CH,31.0
12.09.2021 09:15:00,2021,9,12.0,DE,PL,35.0
12.09.2021 09:15:00,2021,9,12.0,DE,IT,53.0
12.09.2021 09:15:00,2021,9,12.0,DE,BE,50.0
12.09.2021 09:15:00,2021,9,12.0,DE,ES,39.0
12.09.2021 09:15:00,2021,9,12.0,AT,DE,68.0
12.09.2021 09:15:00,2021,9,12.0,AT,AT,60.0
12.09.2021 09:15:00,2021,9,12.0,AT,FR,53.0
12.09.2021 09:15:00,2021,9,12.0,AT,NL,19.0
12.09.2021 09:15:00,2021,9,12.0,AT,CZ,40.0
12.09.2021 09:15:00,2021,9,12.0,AT,CH,32.0
12.09.2021 09:15:00,2021,9,12.0,AT,PL,28.0
12.09.2021 09:15:00,2021,9,12.0,AT,IT,79.0
12.09.2021 09:15:00,2021,9,12.0,AT,BE,16.0
12.09.2021 09:15:00,2021,9,12.0,AT,ES,30.0
12.09.2021 09:15:00,2021,9,12.0,FR,DE,59.0
12.09.2021 09:15:00,2021,9,12.0,FR,AT,12.0
12.09.2021 09:15:00,2021,9,12.0,FR,FR,89.0
12.09.2021 09:15:00,2021,9,12.0,FR,NL,41.0
12.09.2021 09:15:00,2021,9,12.0,FR,CZ,10.0
12.09.2021 09:15:00,2021,9,12.0,FR,CH,23.0
12.09.2021 09:15:00,2021,9,12.0,FR,PL,20.0
12.09.2021 09:15:00,2021,9,12.0,FR,IT,56.0
12.09.2021 09:15:00,2021,9,12.0,FR,BE,43.0
12.09.2021 09:15:00,2021,9,12.0,FR,ES,51.0
12.09.2021 09:15:00,2021,9,12.0,NL,DE,87.0
12.09.2021 09:15:00,2021,9,12.0,NL,AT,47.0
12.09.2021 09:15:00,2021,9,12.0,NL,FR,85.0
12.09.2021 09:15:00,2021,9,12.0,NL,NL,66.0
12.09.2021 09:15:00,2021,9,12.0,NL,CZ,44.0
12.09.2021 09:15:00,2021,9,12.0,NL,CH,39.0
12.09.2021 09:15:00,2021,9,12.0,NL,PL,39.0
12.09.2021 09:15:00,2021,9,12.0,NL,IT,64.0
12.09.2021 09:15:00,2021,9,12.0,NL,BE,59.0
12.09.2021 09:15:00,2021,9,12.0,NL,ES,62.0
12.09.2021 09:15:00,2021,9,12.0,CZ,DE,81.0
12.09.2021 09:15:00,2021,9,12.0,CZ,AT,65.0
12.09.2021 09:15:00,2021,9,12.0,CZ,FR,68.0
12.09.2021 09:15:00,2021,9,12.0,CZ,NL,37.0
12.09.2021 09:15:00,2021,9,12.0,CZ,CZ,63.0
12.09.2021 09:15:00,2021,9,12.0,CZ,CH,40.0
12.09.2021 09:15:00,2021,9,12.0,CZ,PL,56.0
12.09.2021 09:15:00,2021,9,12.0,CZ,IT,69.0
12.09.2021 09:15:00,2021,9,12.0,CZ,BE,38.0
12.09.2021 09:15:00,2021,9,12.0,CZ,ES,46.0
12.09.2021 09:15:00,2021,9,12.0,CH,DE,24.0
12.09.2021 09:15:00,2021,9,12.0,CH,AT,5.0
12.09.2021 09:15:00,2021,9,12.0,CH,FR,25.0
12.09.2021 09:15:00,2021,9,12.0,CH,NL,4.0
12.09.2021 09:15:00,2021,9,12.0,CH,CZ,4.0
12.09.2021 09:15:00,2021,9,12.0,CH,CH,4.0
12.09.2021 09:15:00,2021,9,12.0,CH,PL,6.0
12.09.2021 09:15:00,2021,9,12.0,CH,IT,12.0
12.09.2021 09:15:00,2021,9,12.0,CH,BE,4.0
12.09.2021 09:15:00,2021,9,12.0,CH,ES,5.0
12.09.2021 09:15:00,2021,9,12.0,PL,DE,79.0
12.09.2021 09:15:00,2021,9,12.0,PL,AT,60.0
12.09.2021 09:15:00,2021,9,12.0,PL,FR,74.0
12.09.2021 09:15:00,2021,9,12.0,PL,NL,55.0
12.09.2021 09:15:00,2021,9,12.0,PL,CZ,61.0
12.09.2021 09:15:00,2021,9,12.0,PL,CH,55.0
12.09.2021 09:15:00,2021,9,12.0,PL,PL,62.0
12.09.2021 09:15:00,2021,9,12.0,PL,IT,55.0
12.09.2021 09:15:00,2021,9,12.0,PL,BE,38.0
12.09.2021 09:15:00,2021,9,12.0,PL,ES,55.0
12.09.2021 09:15:00,2021,9,12.0,IT,DE,50.0
12.09.2021 09:15:00,2021,9,12.0,IT,AT,21.0
12.09.2021 09:15:00,2021,9,12.0,IT,FR,62.0
12.09.2021 09:15:00,2021,9,12.0,IT,NL,15.0
12.09.2021 09:15:00,2021,9,12.0,IT,CZ,19.0
12.09.2021 09:15:00,2021,9,12.0,IT,CH,14.0
12.09.2021 09:15:00,2021,9,12.0,IT,PL,24.0
12.09.2021 09:15:00,2021,9,12.0,IT,IT,73.0
12.09.2021 09:15:00,2021,9,12.0,IT,BE,14.0
12.09.2021 09:15:00,2021,9,12.0,IT,ES,45.0
12.09.2021 09:15:00,2021,9,12.0,BE,DE,85.0
12.09.2021 09:15:00,2021,9,12.0,BE,AT,32.0
12.09.2021 09:15:00,2021,9,12.0,BE,FR,85.0
12.09.2021 09:15:00,2021,9,12.0,BE,NL,68.0
12.09.2021 09:15:00,2021,9,12.0,BE,CZ,32.0
12.09.2021 09:30:00,2021,9,12.0,BE,CH,36.0
12.09.2021 09:30:00,2021,9,12.0,BE,PL,30.0
12.09.2021 09:30:00,2021,9,12.0,BE,IT,50.0
12.09.2021 09:30:00,2021,9,12.0,BE,BE,45.0
12.09.2021 09:30:00,2021,9,12.0,BE,ES,48.0
12.09.2021 09:30:00,2021,9,12.0,ES,DE,12.0
12.09.2021 09:30:00,2021,9,12.0,ES,AT,4.0
12.09.2021 09:30:00,2021,9,12.0,ES,FR,48.0
12.09.2021 09:30:00,2021,9,12.0,ES,NL,10.0
12.09.2021 09:30:00,2021,9,12.0,ES,CZ,2.0
12.09.2021 09:30:00,2021,9,12.0,ES,CH,5.0
12.09.2021 09:30:00,2021,9,12.0,ES,PL,7.0
12.09.2021 09:30:00,2021,9,12.0,ES,IT,27.0
12.09.2021 09:30:00,2021,9,12.0,ES,BE,4.0
12.09.2021 09:30:00,2021,9,12.0,ES,ES,17.0
